,0
0,Congratulations to future Republican Star Marjorie Taylor Greene on a big Congressional primary win in Georgia against a very tough and smart opponent. Marjorie is strong on everything and never gives up - a real WINNER!
1,"I am designating $18.9 million from @USDOT to MANY airports in Ohio, including @goingplacescle, @CAKairport, and several others, for improvements, updates, and safety. Great for the economy and the people of Ohio!"
2,In New Jersey they want you to certify that you asked for the Universal Mail-In Ballot that they sent you. But you never asked for it. Disaster in the wings!
3,"Just landed in Mankato, Minnesota!"
4,Great going Laura. You have a great chance against a Pelosi puppet! https://t.co/pKZp35dUYr
5,https://t.co/qHKe1Xc0na https://t.co/Nl60A8BXpV
6,Just landed in the Great State of Texas! https://t.co/Z9LjIU0Uec
7,https://t.co/HS1S2svSud
8,.@DNI_Ratcliffe on @MariaBartiromo this morning. @FoxNews
9,The big backlash going on in Portland cannot be unexpected after 95 days of watching and incompetent Mayor admit that he has no idea what he is doing. The people of Portland won’t put up with no safety any longer.The Mayor is a FOOL. Bring in the National Guard! https://t.co/bM6ypak94t
10,Texas loves John! https://t.co/bkIBpvUKCP
11,https://t.co/hA1efjjehk
12,I love Colorado! https://t.co/RptiR8wybe
13,Thank you so much! https://t.co/ZERpdwUumf
14,"Dale Crafts (@DaleCraftsME) will be a tremendous Congressman for Maine! An experienced businessman, Dale knows how to Create Jobs. He loves our Vets and Military, and he will always defend your Second Amendment. Dale has my Complete and Total Endorsement! https://t.co/qwY6VaxbWF"
15,"I have directed @stevenmnuchin1 to get ready to send direct payments ($3,400 for family of four) to all Americans. DEMOCRATS ARE HOLDING THIS UP!"
16,https://t.co/y1LQIMoSUj
17,https://t.co/2XDp0RcYzX
18,https://t.co/JMCB3Je7YO
19,"About the only way a person is able to write a book on me is if they agree that it will contain as much bad “stuff” as possible, much of which is lies. It’s like getting a job with CNN or MSDNC and saying that “President Trump is great.” You have ZERO chance. FAKE NEWS!"
20,".@CNN has no sources on the Task Force. Their “sources” are made up, pure fiction! Jim Acosta is a Fake reporter!"
21,Vote these people out. They are CRAZY!  #2020 https://t.co/ktRw2pJUFa
22,"Biden and the Democrats have greatly disrespected the Great State of Wisconsin by not even paying a small visit to Milwaukee, the designated site of the DNC. The State &amp; City worked very hard to make sure things would be good. Not nice. Vote Trump Wisconsin!"
23,"The Lamestream Media, including @FoxNews, which has really checked out, is refusing to show what is REALLY going on in Portland, Seattle, and other places. They want the American public to believe that these are just some wonderful protesters, not radical left ANARCHISTS!"
24,THANK YOU! #MAGA https://t.co/ZaN6exaryD
25,https://t.co/eDLyAEyeW6
26,"Texarkana Regional Airport has a major grant coming its way from @USDOT. I’m designating $3.6 million to reconstruct its terminal building, in addition to 5 more airport grants around the State. Glad to help the people of Arkansas!"
27,Happy 230th Birthday @USCG!! https://t.co/c2cXCEDF2x https://t.co/QsUJsWbmDh
28,"Congressman Scott DesJarlais (@tndesjarlais) has been a tremendous advocate for Tennessee! One of my earliest supporters, he fights for our Military, Vets, Law Enforcement and the Second Amendment! Scott has my Complete and Total Endorsement! #TN04 https://t.co/ffydSSVnGL"
29,"Joint Statement of the United States, the State of Israel, and the United Arab Emirates https://t.co/oVyjLxf0jd"
30,https://t.co/FL978fEzzq
31,https://t.co/Ox9U3455w7
32,"I am designating $18.77M from @USDOT for 7 airports across Pennsylvania. @PITairport, Northeast Philadelphia Airport, Erie International Airport, and others around the State. GREAT news for a GREAT State!"
33,Great going to a very talented group! https://t.co/Iyw3yOEoN2
34,https://t.co/l9iwThdIrA https://t.co/0lFfOyiyAG
35,Thank you Franklin! https://t.co/ZwpwcS2k2B
36,"Going up the East River Drive, and fast. THANK YOU NYPD! On November 3rd we’re bringing you back! #LESM #MAGA https://t.co/dDHbO1f3yI"
37,https://t.co/XjI0JK0zXX
38,"To get into the Democrat National Convention, you must have an ID card with a picture...Yet the Democrats refuse to do this when it come to your very important VOTE! Gee, I wonder WHY???"
39,"...With Biden, drug prices will quadruple! After many years, the game is finally up for Big Pharma, and they’re NOT HAPPY about it! Please understand that when you see their negative ads!"
40,"More Testing, which is a good thing (we have the most in the world), equals more Cases, which is Fake News Gold. They use Cases to demean the incredible job being done by the great men &amp; women of the U.S. fighting the China Plague!"
41,LAW &amp; ORDER!!!
42,https://t.co/WjbNIvW96r
43,"After the worst debate performance in the history of politics, Michael Bloomberg, commonly known as Mini Mike, is trying to make a comeback by begging the Democrats for relevance. They treated him like a dog - and always will. Before politics, he said GREAT things about me!"
44,https://t.co/lBT7BUw3h9
45,"If I didn’t INSIST on having the National Guard activate and go into Kenosha, Wisconsin, there would be no Kenosha right now. Also, there would have been great death and injury. I want to thank Law Enforcement and the National Guard. I will see you on Tuesday!"
46,https://t.co/hIbCNwIMmg
47,Bus investments are in the works for the people of Nebraska! I’m sending $13.6M from @USDOT in federal infrastructure funds for improvements to bus service in Omaha. Great news!
48,She was a terrible A.G. Was she the leaker? https://t.co/uSlFYYU9O0
49,https://t.co/xxvIrqObDs
50,https://t.co/1T8pBF82x2
51,"Thank you to Sheriff Gonzales of Bernalillo County, New Mexico, for joining my call with our Nation’s sheriffs. Appreciate your partnership to help make your county safe – great comments on Operation Legend! https://t.co/M41wLOg5ZA"
52,"Portland is a mess, and it has been for many years. If this joke of a mayor doesn’t clean it up, we will go in and do it for them!"
53,"Many thousands of people work for our government. With that said, a former DISGRUNTLED EMPLOYEE named Miles Taylor, who I do not know (never heard of him), said he left &amp; is on the open arms Fake News circuit. Said to be a real “stiff”. They will take anyone against us!"
54,Esther is GREAT! https://t.co/ByRs6psFO1
55,The Democrats know the 2020 Election will be a fraudulent mess. Will maybe never know who won! https://t.co/tEWKJ5NcUj
56,https://t.co/mfqil05rtl
57,https://t.co/kXCwqIimyA
58,https://t.co/0HdfZPC7JZ
59,"Big Pharma is taking television ads trying to make the case that I am raising prescription drug prices on seniors. The ad is a lie! What I have done will lead to a 50% REDUCTION in prices, at least, &amp; Big Pharma is not happy about it. No other President would...."
60,https://t.co/mPeUJxK8m4
61,https://t.co/AbJZ5wTW4M
62,"IF YOU CAN PROTEST IN PERSON, YOU CAN VOTE IN PERSON!"
63,https://t.co/RAuKRzEW9e
64,"RINO Ben Sasse, who needed my support and endorsement in order to get the Republican nomination for Senate from the GREAT State of Nebraska, has, now that he’s got it (Thank you President T), gone rogue, again. This foolishness plays right into the hands of the Radical Left Dems!"
65,"Ted Wheeler, the wacky Radical Left Do Nothing Democrat Mayor of Portland, who has watched great death and destruction of his City during his tenure, thinks this lawless situation should go on forever. Wrong! Portland will never recover with a fool for a Mayor...."
66,https://t.co/5XjjMrMKQt
67,Many doctors and studies disagree with this! https://t.co/fpLVJZMvHS
68,https://t.co/D3gmYHFvjA
69,https://t.co/gPAHGxgLKN
70,"With what I am doing in the fight with the Drug Companies, drug prices will be coming down 50, 60, and even 70 per cent. The Democrats are fighting hard to stop me with big ad buys, plus. Likewise, Big Pharma. FAVORED NATIONS AND REBATES ARE BRINGING PRICES DOWN NOW. We will win!"
71,Their minds are gone!!! https://t.co/4KMtQSvF5z
72,"Big news, Oklahoma! I’m proud to support infrastructure in your state with $13.7 million from @USDOT for bus improvements across the state. SO important for helping people get where they need to go safely."
73,"The U.S. Post Office (System) has been failing for many decades. We simply want to MAKE THE POST OFFICE GREAT AGAIN, while at the same time saving billions of dollars a year for American Taxpayers. Dems don’t have a clue! @USPostOffice911"
74,https://t.co/G0jJ6gfifS
75,"96% Approval Rating in the Republican Party. Thank you! Also, leading in most swing states!"
76,GOD BLESS THE USA! https://t.co/353UXMHgKM
77,I am ready to send Rental Assistance payments to hardworking Americans that have been hurt by the ChinaVirus. DEMOCRATS ARE HOLDING THIS UP!
78,"I actually agree with this. Too much income disparity. Changes must be made, and soon! https://t.co/YZx6gPDTMb"
79,"So true, but we won’t let that happen! https://t.co/0SzrbxyZrC"
80,"Why are Republicans allowing the Democrats to have ridiculous Post Office hearings on Saturday &amp; Monday, just before and during our Convention. Let them hold them NOW (during their Convention) or after our Convention is over. Always playing right into their hands! @senatemajldr"
81,THANK YOU! #MAGA https://t.co/2iE2T0ZVwD
82,A weak and pathetic Democrat Mayor!!! https://t.co/dehIDMwgul
83,I am pleased to inform the American Public that Acting Secretary Chad Wolf will be nominated to be the Secretary of Homeland Security. Chad has done an outstanding job and we greatly appreciate his service!
84,"Very strange. Sleepy Joe never takes questions. Also, his reporters have zero drive. Why can’t my reporters behave like that? Something is going on! https://t.co/SQAq0KVUqw"
85,https://t.co/YuZ88w0gIF
86,Beautiful Maine Lobsters will now move tariff-free to Europe! For first time in many years. GREAT new deal by USTR levels playing field with Canada. Millions of $’s more in EXPORTS...
87,"Governor should call in the National Guard in Wisconsin. It is ready, willing, and more than able. End problem FAST!"
88,https://t.co/FI604y7Akn
89,"Some states use “drop boxes” for the collection of Universal Mail-In Ballots. So who is going to “collect” the Ballots, and what might be done to them prior to tabulation? A Rigged Election? So bad for our Country. Only Absentee Ballots acceptable!"
90,https://t.co/hiZL5wj8B5
91,Pelosi and Schumer only interested in Bailout Money for poorly run Democrat cities and states. Nothing to do with China Virus! Want one trillion dollars. No interest. We are going a different way!
92,"Great job by @elonmusk in agreeing to build, in TEXAS, what is expected to be the largest auto plant anywhere in the world. He kept his word to me. Texas &amp; @Tesla are big winners. MADE IN THE USA!"
93,"Now that Biden’s Polls are dropping fast, he has agreed to get out of his basement and start campaignin,“in ten days.” Sadly, that is a very slow reaction time for a President. Our beloved USA needs a much faster, smarter, and tougher response than that. Get out there today, Joe!"
94,...They must stop calling these anarchists and agitators “peaceful protestors”. Come back into the real world! The Federal Government is ready to end this problem immediately upon your request.
95,https://t.co/2a1xEMWudE
96,Continued... https://t.co/HNNyF3B5NM
97,"Why would Suburban Women vote for Biden and the Democrats when Democrat run cities are now rampant with crime (and they aren’t asking the Federal Government for help) which could easily spread to the suburbs, and they will reconstitute, on steroids, their low income suburbs plan!"
98,https://t.co/mE2hn6PqCq
99,FAKE NEWS IS THE ENEMY OF THE PEOPLE!
100,"Probably Shifty Schiff, but others also, LEAK information to the Fake News. No matter what or who it is about, including China, these deranged lowlifes like the Russia, Russia, Russia narrative. Plays better for them. @DNI_Ratcliffe doing a great job! https://t.co/44bRm8NFbB"
101,https://t.co/G5PJY9q8Nu
102,"People forget how divided our Country was under ObamaBiden. The anger and hatred were unbelievable. They shouldn’t be lecturing to us. I’m here, as your President, because of them!"
103,Would be terrible for our Country! https://t.co/aVifiIjXXe
104,"So now Schumer and Pelosi want to meet to make a deal. Amazing how it all works, isn’t it. Where have they been for the last 4 weeks when they were “hardliners”, and only wanted BAILOUT MONEY for Democrat run states and cities that are failing badly? They know my phone number!"
105,I will be interviewed on @foxandfriends at 7:30 A.M. Enjoy!
106,"I was on Air Force One flying to the Great State of Texas, where I just landed. It is AMAZING in watching @FoxNews how different they are from four years ago. Not even watchable. They totally forgot who got them where they are!"
107,"Today, we honor the brave Native American/First Nations soldiers who served our Nation and played a vital role in America's victory in WWII. The Navajo Code was never broken and saved untold American lives. Our country will be forever grateful. Happy Navajo Code Talkers Day!"
108,"...More JOBS from Eastport, Cutler, &amp; Jonesport to Stonington, Friendship, and Casco Bay. I am proud to help the great people of Maine!"
109,"Just like Radical Left New York is trying to destroy the NRA, if Biden becomes President your GREAT SECOND AMENDMENT doesn’t have a chance. Your guns will be taken away, immediately and without notice. No police, no guns!"
110,Death penalty! He killed and badly wounded many. Justice! https://t.co/WM9Vw26a21
111,"So now the Democrats are using Mail Drop Boxes, which are a voter security disaster. Among other things, they make it possible for a person to vote multiple times. Also, who controls them, are they placed in Republican or Democrat areas? They are not Covid sanitized. A big fraud!"
112,https://t.co/i5XWrs0snh
113,"Don’t buy GOODYEAR TIRES - They announced a BAN ON MAGA HATS. Get better tires for far less! (This is what the Radical Left Democrats do. Two can play the same game, and we have to start playing it now!)."
114,"My friend Herman Cain, a Powerful Voice of Freedom and all that is good, passed away this morning. Herman had an incredible career and was adored by everyone that ever met him, especially me. He was a very special man, an American Patriot, and great friend. I just got off..."
115,Great to have NASA Astronauts return to Earth after very successful two month mission. Thank you to all!
116,"A “Favored Nations Clause” against Big Pharma, which I signed last week, means that the USA gets a price on Prescription Drugs that matches the price of the Country that pays the lowest price anywhere in the World. 50%, 60%, maybe 70% reduction. No other President would do this!"
117,https://t.co/iTiGECQigm
118,"“If carefully done, according to the guidelines, there is no reason why you shouldn’t be able to do that (vote at polling place).” Doctor Anthony Fauci"
119,"The Fake News Media is giving @KamalaHarris a free pass despite her Radical Left failures and very poor run in the Democrat Primary. There was nobody meaner or more condescending to Slow Joe, not even me, and yet she quickly evaporated down to almost zero in the polls. Bad!"
120,https://t.co/HPiYe2Kcxz https://t.co/5TxPxdJ4Fh
121,https://t.co/qy0YAncLlq
122,"...do not stop the Crime and Violence from the Anarchists and Agitators immediately, the Federal Government will go in and do the job that local law enforcement was supposed to do!"
123,Getting ready to land in Minneapolis. Our great National Guard saved the city from further destruction. Should have been called up sooner by local government!
124,"Big Pharma is taking ads against me because I am MASSIVELY lowering your drug prices, which is obviously not good for them. Medicare premiums will also be going down. I am the first President to take them on. Don’t fall for their false ads. Biden plan is for very big increases!"
125,Wow! https://t.co/w81tt85i5Z
126,Vote for TRUMP on November 3rd. I am going to bring our beloved New York back! https://t.co/Xi7yQ45jvy
127,https://t.co/vskaY4jx1g
128,"The National Guard is Ready, Willing and Able. All the Governor has to do is call! https://t.co/iRe5ExgRGO"
129,Big Stock Market Numbers!
130,"Robert, I Love You. Rest In Peace!"
131,"Cathy McMorris Rodgers (@TeamCMR) has been a tremendous advocate for the people of Washington State! She supports our Military and Vets, and protects your State’s incredible Natural Resources. Cathy has my Complete and Total Endorsement! #WA05 https://t.co/IzwZZGxy4J"
132,"This is Fake News by the failing @nytimes &amp; bad ratings @CNN. Never suggested it although, based on all of the many things accomplished during the first 3 1/2 years, perhaps more than any other Presidency, sounds like a good idea to me! https://t.co/EHrA9yUsAw"
133,Big flare ups in Europe. Fake News USA doesn’t like talking about this! https://t.co/7TR2hosXqZ
134,https://t.co/atXqNfBDMs
135,"Support Patio Pizza and its wonderful owner, Guy Caligiuri, in St. James, Long Island (N.Y.). Great Pizza!!! @Varneyco"
136,https://t.co/KvA8myfuSL
137,Will be interviewed by @seanhannity tonight at 9:00 P.M. on @FoxNews. Enjoy!!!
138,Happy to announce that @USDOT is providing $12.5M in federal infrastructure funds for bus improvements for the great people of Alabama. @huntsvillecity
139,"“The Plus, Self-Help for People Who Hate Self-Help”, by the very smart and witty @greggutfeld, is on sale now. It is great, Canceling Cancel Culture. Make his book as successful as his T.V. Show. Buy it now!"
140,"....He tried mixing with the Agitators and Anarchists and they mocked him. He would like to blame me and the Federal Government for going in, but he hasn’t seen anything yet. We have only been there with a small group to defend our U.S. Courthouse, because he couldn’t do it...."
141,https://t.co/bGcE13S16L
142,"BIG NEWS! The Political Crime of the Century is unfolding. ObamaBiden illegally spied on the Trump Campaign, both before and after the election. Treason! https://t.co/6XF1pIWMNO"
143,https://t.co/DzCU5kF6Mm
144,"Rarely has anybody deserved the death penalty more than the Boston Bomber, Dzhokhar Tsarnaev. The court agreed that this “was one of the worst domestic terrorist attacks since the 9/11 atrocities”. Yet the appellate court tossed out the death sentence. So many lives lost...."
145,"Wrong! We have more cases because we have tested far more than any other country, 60,000,000. If we tested less, there would be less cases. How did Italy, France &amp; Spain do? Now Europe sadly has flare ups. Most of our governors worked hard &amp; smart. We will come back STRONG!

:: https://t.co/hhwYOrnWZn"
146,"Sending $8.3M in @USDOT funding to North Carolina for bus and bus facility improvements in Asheville, Fayetteville, and Chapel Hill. Glad to support bus service in these areas!"
147,"Thank you James. Sadly, you are 100% correct!!! https://t.co/tk9k4SJxTa"
148,New Hampshire will receive nearly $822K in @USDOT funds for bus service in the city of Nashua. Happy to support @RideBigBlue and keep the people of Nashua moving!
149,".@KamalaHarris started strong in the Democrat Primaries, and finished weak, ultimately fleeing the race with almost zero support. That’s the kind of opponent everyone dreams of!"
150,"Pelosi &amp; Schumer have no interest in making a deal that is good for our Country and our People. All they want is a trillion dollars, and much more, for their Radical Left Governed States, most of which are doing very badly. It is called a BAILOUT for many years of bad Dem Mgmt!"
151,"Kate Brown, Governor of Oregon, isn’t doing her job. She must clear out, and in some cases arrest, the Anarchists &amp; Agitators in Portland. If she can’t do it, the Federal Government will do it for her. We will not be leaving until there is safety!"
152,https://t.co/xcCXeRq3nc
153,This is outrageous. Must be met with immediate litigation! @GOPChairwoman https://t.co/CD6bD3Kn6J
154,Landing in New Hampshire!
155,https://t.co/6BVrMg0yCO
156,...Jason worked with me to save Minneapolis along with your great National Guard after your local political leaders failed to do so. Jason has my Complete and Total Endorsement! #MNSEN https://t.co/PeTUxOGipN
157,Cases up because of BIG Testing! Much of our Country is doing very well. Open the Schools!
158,https://t.co/zomCWvcxww
159,"They are sending out 51,000,000 Ballots to people who haven’t even requested a Ballot. Many of those people don’t even exist. They are trying to STEAL this election. This should not be allowed!"
160,"Kenosha has been very quiet for the third night in a row or, since the National Guard has shown up. That’s the way it works, it’s all very simple. Portland, with a very ungifted mayor, should request help from the Federal Government. If lives are endangered, we’re going in!"
161,https://t.co/Vk9e3WeFoa
162,"If the incompetent Mayor of Portland, Ted Wheeler, doesn’t get control of his city and stop the Anarchists, Agitators, Rioters and Looters, causing great danger to innocent people, we will go in and take care of matters the way they should have been taken care of 100 days ago!"
163,"...Steve Bullock is totally against your Second Amendment and just received an F rating from the @NRA. Steve, on the other hand, just received an A+ rating. Vote for Steve Daines. He has always had my Complete and Total Endorsement! #MTSEN https://t.co/Hi75F35DY6"
164,Rest In Peace Jay! https://t.co/j6FYxIygmh
165,"Exclusive: Eyewitness Says as Many as 20,000 Unverified Absentee Ballots Counted in Detroit Primary https://t.co/za6Yr37RUu via @BreitbartNews"
166,"Because of my strong focus on the China Virus, including scheduled meetings on Vaccines, our economy and much else, I won’t be able to be in New York to throw out the opening pitch for the @Yankees on August 15th. We will make it later in the season!"
167,"Wow! Despite the Democrats views across TV and online lie (Con!), we had 147.9 million, the Republican National Convention blew the Democrat National Convention  AWAY. Not even close! Just like their lies on Russia, Football (PLAY!) and everything else! NOVEMBER 3rd."
168,https://t.co/NX5zpbib3E
169,"The Democrats in the House are trying to undo my big win Travel Ban Bill, which successfully keeps very bad and dangerous people out of our great Country. Passed along party lines. Hopefully, will be DEAD in the Senate! The Dems have gone Stone Cold Left - Venezuela on steroids!"
170,https://t.co/mx45DgJgG4
171,This is where his crazed leaders are taking their puppet! https://t.co/ZdJzr2UQre
172,"Despite biggest ever job gains and a V shaped recovery, Joe Biden said, “I would shut it down”, referring to our Country. He has no clue!"
173,https://t.co/rWbcc6wUts
174,https://t.co/OmUWeEQ48t
175,That’s because it is mostly FAKE NEWS! https://t.co/qM5LtOvsH8
176,https://t.co/36b2xC1GZf
177,"Wow! Really bad TV Ratings for Morning Joe (@JoeNBC). @foxandfriends doing great, leading all others by far. @CNN not a factor!!!"
178,"The Fake News Media is trying to portray the Portland and Seattle “protesters” as wonderful, sweet and innocent people just out for a little stroll. Actually, they are sick and deranged Anarchists &amp; Agitators who our great men &amp; women of Law Enforcement easily control, but who..."
179,https://t.co/ot8pFlzwun
180,Payroll Tax Cut plus Dollars!
181,"Representatives of the Post Office have repeatedly stated that they DO NOT NEED MONEY, and will not make changes. This is all another HOAX by the Democrats to give 25 Billion unneeded dollars for political purposes,  without talking about the Universal Mail-In Ballot Scam...."
182,"Law and Order. If @NYCMayor can’t do it, we will! https://t.co/N88GX9Rkc9"
183,https://t.co/jpOmhK22uE
184,Big news for Wisconsin! @USDOT is awarding $7.7M in federal infrastructure funds to support bus service for the people of Madison and Milwaukee County!
185,"The honorable thing to do is drop the Mail-In Scam before it is too late! Absentee Ballots, like they have in Florida, are good! https://t.co/uuVyliWEwS"
186,"So the Washington Post is running the Reagan Foundation, and RINO Paul Ryan is on the Board of Fox, which has been terrible. We will win anyway, even with the phony @FoxNews suppression polls (which have been seriously wrong for 5 years)! https://t.co/fOi3AROxuz"
187,Obama worked harder for Hillary Clinton and the losing Clinton Campaign than she worked for herself! Now he’s working with Sleepy Joe - will be same result. MAGA is energized like never before!
188,https://t.co/Z7SP1ymBfT
189,https://t.co/4lWfz2eQii
190,"Congressman Jason Smith (@JasonSmithMO) is a conservative warrior for Missouri! He helped us Cut your Taxes, Build the Wall, and he stands strongly with me against the Radical Left! Jason has my Complete and Total Endorsement! #MO08 https://t.co/OjXBNwrWne"
191,https://t.co/mRnhy66jwZ
192,"Check out this Mail-In Voting experiment by a local news station! 
https://t.co/23tOdt1hYc"
193,"Why is Congress scheduled to meet (on Post Office) next Monday, during the Republican Convention, rather than now, while the Dems are having their Convention. They are always playing games. GET TOUGH REPUBLICANS!!!"
194,"So Crazy Nancy Pelosi said horrible things about Dr. Deborah Birx, going after her because she was too positive on the very good job we are doing on combatting the China Virus, including Vaccines &amp; Therapeutics. In order to counter Nancy, Deborah took the bait &amp; hit us. Pathetic!"
195,Wow! https://t.co/vw0uZPuHXZ
196,https://t.co/dPREplQXg0
197,"Germany pays Russia billions of dollars a year for Energy, and we are supposed to protect Germany from Russia. What’s that all about? Also, Germany is very delinquent in their 2% fee to NATO. We are therefore moving some troops out of Germany!"
198,https://t.co/bOKlM8PwxB
199,Wow! https://t.co/v6MKirOs4G
200,Heading to New Hampshire!
201,Congrats to Colorado who will be receiving $14.9M in federal infrastructure funds from @USDOT. Happy to support bus service for residents throughout this great state!
202,"“Senate Intelligence Panel found absolutely no evidence of collusion. There was no evidence that the Trump campaign conspired with the Russian government to influence 2016, affirming the findings of other investigations.” Daily Caller"
203,"Very excited to see @SeanHannity’s long awaited new book, 'Live Free or Die: America (and the World) on the Brink' which will be released on Tuesday, August 4th. Sean is a Great American Patriot. Make sure to get your copy today! https://t.co/XNci6lJ96v"
204,She was fired because she was boring and never had what it took. Perhaps that has proven to be a mistake! https://t.co/48ieqGcHt2
205,NEW RECORD FOR NASDAQ!
206,We did Criminal Justice Reform without many politically motivated Democrats. The Black &amp; Hispanic community will remember this on November 3rd. https://t.co/kGHQdIfObo
207,https://t.co/qsUwxio748
208,96% Approval Rating in the Republican Party. 50% in new Rasmussen Poll (higher than Obama at this point in time). Thank you!
209,"Major China Virus flare ups in many of the countries that the Fake News was touting as doing so well. Some of these countries are now a disaster. Lamestream Media doesn’t want to report this. Also, highly inaccurate numbers being reported by many other countries!!! @WSJ"
210,"Our great National Guard could solve these problems in less than 1 hour. Local authorities must ask before it is too late. People of Portland, and other Democrat run cities, are disgusted with Schumer, Pelosi, and thier local “leaders”. They want Law &amp; Order! https://t.co/f6LOKcf7BU"
211,"Good news for Florida! I’m awarding $27.8M from @USDOT in federal infrastructure funds to five areas including Orlando, Jacksonville, Ft. Myers/Naples, St. Petersburg, and Tampa. Happy to support bus service for the people in beautiful Florida!"
212,"Very poor morning TV ratings for MSDNC’s Morning Joe, headed by a complete Psycho named Joe Scarborough and his ditzy airhead wife, Mika, and also @CNN, headed by complete unknowns. Congratulations to @foxandfriends on dominating the mornings (thank you President Trump!)."
213,"Senator @SteveDaines is doing a tremendous job for the people of Montana! He just helped me pass the Great American Outdoors Act, which protects the Montana way of life. His opponent, Steve Bullock, would be an absolute horror for Montana..."
214,"..Even whether it’s dumb warmongers like John Bolton, social pretenders like Bob Woodward, who never has anything good to say, or an unstable niece, who was now rightfully shunned, scorned and mocked her entire life, and never even liked by her own very kind &amp; caring grandfather!"
215,https://t.co/FCGjBh1250
216,"How can voters be sending in Ballots starting, in some cases, one month before the First Presidential Debate. Move the First Debate up. A debate, to me, is a Public Service. Joe Biden and I owe it to the American People!"
217,"Sally Yates has zero credibility. She was a part of the greatest political crime of the Century, and ObamaBiden knew EVERYTHING! Sally Yates leaked the General Flynn conversation? Ask her under oath. Republicans should start playing the Democrats game!"
218,"Congresswoman Vicky Hartzler (@VickyH4Congress) works hard for the people of Missouri! She strongly supports our incredible Military and Vets, protects American Farmers, and fights for Life. Vicky has my Complete and Total Endorsement! #MO04 https://t.co/rLgW1I1dSp"
219,"I am thrilled to be back in my home state of Florida—and honored to receive the endorsement of dozens of incredible Florida Sheriffs, THANK YOU! #LESM https://t.co/THl3IUf19Y"
220,https://t.co/O8bK1Ewtqu
221,Just departed for the Great State of Ohio! https://t.co/vAg0tdRFP8
222,Will be interviewed tonight on @seanhannity at 9:00 P.M. @FoxNews
223,https://t.co/p8ym8S2d5o
224,Thank you! https://t.co/MmjxbNStq1
225,"We again request Kate Brown (@OregonGovBrown), the Governor of Oregon, and Mayor @TedWheeler of Portland, to call up the National Guard like should have been done 3 months ago..."
226,https://t.co/BX4OJWALKg
227,The greatest Election Fraud in our history is about to happen. This may top the Democrats illegally spying on my campaign! https://t.co/ePfNVJiHw7
228,"Drug companies, which are being forced by me to substantially reduce Drug Prices, are taking $millions in ads saying I want to increase Medicare Primiums. Wrong, just the opposite! These ads show DRUG PRICES ARE GOING DOWN, and they are not happy! False advertising!"
229,".@Scaramucci, who just made a fool of himself as he got taken apart by @SteveHiltonx, only lasted 11 days in his favorite of all time Administration, before being fired for, again, making a fool of himself. Anthony is a loser who begged to come back. I said “No Thanks”."
230,"WHY DID HE REFUSE TO ENDORSE SLOW JOE UNTIL IT WAS ALL OVER, AND EVEN THEN WAS VERY LATE? WHY DID HE TRY TO GET HIM NOT TO RUN?"
231,THANK YOU PENNSYLVANIA! #MAGA https://t.co/5BfdRyDD6a
232,"Must know Election results on the night of the Election, not days, months, or even years later!"
233,Disgraceful that Big Ten is not playing football. Let them PLAY!
234,"Great crowd, great people! https://t.co/ugL8yuvPrF"
235,"Hurricane Laura is a very dangerous and rapidly intensifying hurricane. My Administration remains fully engaged with state &amp; local emergency managers to continue preparing and assisting the great people Texas, Louisiana, and Arkansas. Listen to local officials. We are with you! https://t.co/x0JoijLUpb"
236,"Now they’re trying to deny this, but they can’t! https://t.co/vNW3I3pPNK"
237,"Somebody please explain to @MichelleObama that Donald J. Trump would not be here, in the beautiful White House, if it weren’t for the job done by your husband, Barack Obama. Biden was merely an afterthought, a good reason for that very late &amp;  unenthusiastic endorsement....."
238,"....New Hampshire - and the big crowds - was great last night. Thank you! Heading now for Louisiana &amp; Texas to check out the damage done by Hurricane Laura. @FEMA &amp; @FEMA_Pete are, together with Law Enforcement and First Responders, doing a great job!"
239,"Jason Lewis (@LewisForMN) will be an incredible Senator for the State of Minnesota! He is a proven leader who will help us Lower your Taxes, Protect our Communities and Defend your Second Amendment…"
240,"Very appreciative that @CNN covered the vast majority of the Republican Convention last night. That was really good for CNN, while at the same time being good for our Country. Thank you!"
241,https://t.co/2XBeFS5lbz
242,Great going Jim. Proud of you! https://t.co/jaJBVm1TlR
243,"John Bolton, one of the dumbest people I’ve met in government and sadly, I’ve met plenty, states often that I respected, and even trusted, Vladimir Putin of Russia more than those in our Intelligence Agencies. While of course that is not true, if the first people you met from...."
244,https://t.co/yO0nH40OKd
245,"Pelosi &amp; Schumer blocked desperately needed unemployment payments, which is so terrible, especially since they fully understand that it was not the workers fault that they are unemployed, it’s the fault of China!"
246,https://t.co/PFtYq4HjFA
247,Democrats Hate that I called for Big Pharma to match the lowest prescription drug prices in the World by using a FAVORED NATIONS CLAUSE. Prices will plunge!
248,"Congressman @PeteStauber fights for the hard-working people of Northeastern Minnesota! A former professional hockey player, Pete knows how to win. He stands for Law Enforcement, Small Business and our Vets. Pete has my Complete and Total Endorsement! #MN08 https://t.co/hu99hpOvbZ"
249,"Sleepy Joe Biden just agreed with the Radical Left Democrats to raise Taxes by Three Trillion Dollars. Everyone will pay - Will kill your Stocks, 401k’s, and the ECONOMY. BIG CRASH!  #MAGA"
250,"....went on at the White House during some extremely interesting and important times. So many good stories by someone who, unlike most other so called writers, was actually there, and a part of the action - of which there was plenty. Go buy this book, a job well done!"
251,"When you see the Drug Companies taking massive  television ads against me, forget what they say (which is false), YOU KNOW THAT DRUG PRICES ARE COMING DOWN, BIG. Favored Nations Clause means USA will pay the lowest price of any nation in the World. Never done before. Watch!!!"
252,https://t.co/HvRzCET0tr
253,"MAKE AMERICA GREAT AGAIN!
https://t.co/ZcvCqqitui"
254,They would own our Country! https://t.co/ii8ZUttL9D
255,"....His problem is interesting. He must always be weak on CRIME because of the Bernie Sanders Radical Left voter. If he loses them, like Crooked Hillary did, he is “toast”, and many will vote for me because of TRADE (Bernie was good on trade). Joe MUST always be weak on crime!"
256,"Anarchists, Agitators or Protestors who vandalize or damage our Federal Courthouse in Portland, or any Federal Buildings in any of our Cities or States, will be prosecuted under our recently re-enacted Statues &amp; Monuments Act. MINIMUM TEN YEARS IN PRISON. Don’t do it! @DHSgov"
257,I am sending $15M from @USDOT to beautiful North Dakota! This federal funding will support bus service for people from Bismarck to Grand Forks and several other areas statewide. Congratulations!
258,Thank you Jon! https://t.co/vWVriDTnDb
259,Hunter - Meadow is proud of you. So am I. Congratulations! https://t.co/Bb8I3l3wfv
260,https://t.co/APc4Cye6Ud
261,"Just returned to Washington from Louisiana &amp; Texas, after tours and discussions concerning Hurricane Laura. Thank you to @FEMA and ALL. God bless the families of those who perished!"
262,https://t.co/WP1zsTCNkK
263,THANK YOU #RNC2020! https://t.co/SQXxesAU0i
264,"We will NOT stand for looting, arson, violence, and lawlessness on American streets. My team just got off the phone with Governor Evers who agreed to accept federal assistance (Portland should do the same!)..."
265,"He is, and people are not happy about it. The Washington Post is a political front for Amazon. Nobody treated Ronald Reagan worse! https://t.co/Op2UnQ5uWj"
266,"....My Administration and I built the greatest economy in history, of any country, turned it off, saved millions of lives, and now am building an even greater economy than it was before. Jobs are flowing, NASDAQ is already at a record high, the rest to follow. Sit back &amp; watch!"
267,https://t.co/gwfT7f7bLL
268,"The Democrats have stated strongly that they won’t approve a Payroll Tax Cut (too bad!). It would be great for workers. The Republicans, therefore, didn’t want to ask for it. Dems, as usual, are hurting the working men and women of our Country!"
269,https://t.co/E8PtHtJCYq
270,"I’m with you all the way, thank you!
https://t.co/JL15Lh7I7A"
271,https://t.co/Cosg12sHW0
272,Dan has my Complete and Total Endorsement. We need Dan in Washington! https://t.co/yWCD1ALgpY
273,Thank you! https://t.co/uEytELtQQj
274,"THE WALL STREET JOURNAL

“Trump Wins in Portland”

“Something big has changed in Portland, Ore. After weeks of chaos and flames outside the city’s federal courthouse, the past few days have seen the violence subside dramatically. What happened?” William McGurn @WSJ"
275,Georgia will be receiving $13M in federal infrastructure funds from @USDOT. BIG investment in bus facilities for people in metro Atlanta – must keep people moving safely! @MARTASERVICE
276,https://t.co/h5bAKu6Xws
277,Great to be in Texas!
278,"Brett LOVES Wisconsin, Mississippi and Minnesota. A good golfer - hits it LONG! https://t.co/JcBJJEWI0X"
279,"...At 3pm this afternoon, spoke to President Aoun of Lebanon to inform him that 3 large aircraft are on the way, loaded up with Medical Supplies, Food and Water. Also, First Responders, Technicians, Doctors, and Nurses on the way..."
280,"Please watch highly respected Dr. Harvey Risch of Yale, on Hydroxychloroquine. https://t.co/WxaeZIp74l"
281,80 Million Unsolicited Ballots are impossible for election centers to tabulate accurately. The Democrats know this better than anyone else. The fraud and abuse will be an embarrassment to our Country. Hopefully the Courts will stop this scam!
282,https://t.co/PuqeF1ctDs
283,".@BillHagertyTN, an outstanding man and one of the best Ambassadors ever (Japan), is running an excellent campaign for the Senate. He loves Tennessee and loves our Country. We need him badly in Washington. He has my Complete and Total Endorsement!
https://t.co/VGeHlzYfwy"
284,"NASA was Closed &amp; Dead until I got it going again. Now it is the most vibrant place of its kind on the Planet...And we have Space Force to go along with it. We have accomplished more than any Administration in first 3 1/2 years. Sorry, but it all doesn’t happen with Sleepy Joe! https://t.co/PRebGIEJaq"
285,"BIG bucks heading to Illinois! $18.9M in federal infrastructure funds from @USDOT will be awarded to @ConnectTransit, @CityLinkPeoria, and @PaceSuburbanBus for improvements to bus service in the areas. Congratulations!"
286,Astronauts complete first splashdown in 45 years. Very exciting!
287,I am happy to inform all of the people living their Suburban Lifestyle Dream that you will no longer be bothered or financially hurt by having low income housing built in your neighborhood...
288,https://t.co/IqmVjVU1Y8
289,https://t.co/BY6PrMRmqJ
290,"..so called American Intelligence were Dirty Cops who have now proven to be sleazebags at the highest level like James Comey, proven liar James Clapper, &amp; perhaps the lowest of them all, Wacko John Brennan who headed the CIA, you could perhaps understand my reluctance to embrace!"
291,"Success: Since the National Guard moved into Kenosha, Wisconsin, two days ago, there has been NO FURTHER VIOLENCE, not even a small problem. When legally asked to help by local authorities, the Federal Government will act and quickly succeed. Are you listening Portland?"
292,I am ready to have @USTreasury and @SBA send additional PPP payments to small businesses that have been hurt by the ChinaVirus. DEMOCRATS ARE HOLDING THIS UP!
293,"Mail-In Voting is already proving to be a catastrophic disaster. Even testing areas are way off. The Dems talk of foreign influence in voting, but they know that Mail-In Voting is an easy way for foreign countries to enter the race. Even beyond that, there’s no accurate count!"
294,"Every time you see a negative Big Pharma commercial against me remember, it means your drug prices are coming way down!"
295,Two wonderful people! https://t.co/Fo2CLjc9YZ
296,"Two Democrat Caucus Meetings removed “UNDER GOD” from the Pledge of Allegiance. It sounded not only strange, but terrible. That’s where they’re coming from!"
297,"The deep state, or whoever, over at the FDA is making it very difficult for drug companies to get people in order to test the vaccines and therapeutics. Obviously, they are hoping to delay the answer until after November 3rd. Must focus on speed, and saving lives! @SteveFDA"
298,"In an illegal late night coup, Nevada’s clubhouse Governor made it impossible for Republicans to win the state. Post Office could never handle the Traffic of Mail-In Votes without preparation. Using Covid to steal the state. See you in Court! https://t.co/cNSPINgCY7"
299,https://t.co/aGwvni4Ifu
300,I will be interviewed by @MariaBartiromo on @FoxBusiness this morning at 7:30. A.M. Enjoy!
301,https://t.co/Cd0X3e3wy7
302,Honored to send $25.9 MILLION in @USDOT funds to the great State of Texas to support bus infrastructure improvements. Congratulations to the MANY Texans who will benefit!
303,https://t.co/mOOedgc7kH
304,Will be interviewed by @SteveHiltonx on @FoxNews. 9:00 P.M. Sunday Night. Enjoy!
305,Thank you! https://t.co/62wJYhQtSL
306,"These riots are an antigovernment movement from the Left that are all in Democrat run cities. The mayors have got to let their police do what they know how to do. Would be very easy to suppress or, call in the Federal Government. We will solve problem fast! @foxandfriends"
307,"Great new book by former Director of Oval Office Operations, Madeleine Westerhout, entitled “Off the Record”. When I look at all of the Fake Books and garbage written about me, it’s really nice to see a very smart and already wise young woman write an honest depiction of what...."
308,https://t.co/U8UAr8Plii
309,A great race run by Roger against a very tough and smart opponent. Roger loves Kansas and will represent it incredibly well. He has my Complete and Total Endorsement. Will be a Big Win on November 3rd. This is not the opponent the Democrats wanted! https://t.co/eSG6utLq5H
310,"Congratulations to Andrew Clyde on a big win last night against a strong opponent in #GA09! An early supporter of ours, Andrew will be an incredible Congressman for the people of Georgia!"
311,"Congressman Sam Graves is doing an incredible job for Missouri! He fights for American Energy Independence, defends your Second Amendment, and he’ll help us rebuild our nation’s Infrastructure. Sam has my Complete and Total Endorsement! #MO06 https://t.co/VnoWx8pwzL"
312,Vote for Michelle – a real winner! #MN07 https://t.co/gViVuUwIRj
313,Congratulations @JimRyun! https://t.co/I4iwvYx3DK https://t.co/E0wBx1Gjh2
314,https://t.co/S4kFAhEHNK
315,BIG bucks are on their way to @ILMairport. Over $21.1 MILLION designated to Wilmington International from @USDOT to expand their terminal and make other major upgrades and safety enhancements. This will help to create JOBS and growth in the region!
316,https://t.co/3Oe3SUds5k
317,https://t.co/ArSWT9rWOD
318,Where is JUSTICE? https://t.co/sJTDSCDXGi
319,"Portland, which is out of control, should finally, after almost 3 months, bring in the National Guard. The Mayor and Governor are putting people’s lives at risk. They will be held responsible. The Guard is ready to act immediately. The Courthouse is secured by Homeland!"
320,https://t.co/LpgMHl6iY9
321,".@Amazon, and others in that business, should be charged (by the U.S. Postal System) much more per package, and the Post Office would be immediately brought back to “good health”, now vibrant, with ALL jobs saved. No pass on to customers. Get it done!"
322,https://t.co/uU2sYKLzsD
323,https://t.co/9V7ZdU9gdB
324,"THANK YOU NEW HAMPSHIRE! 
https://t.co/mUFKbq79Yu"
325,Joe Biden: ‘Unlike the African American Community ... the Latino Community Is an Incredibly Diverse Community‘ https://t.co/mceJwwG7aV via @BreitbartNews. Wow! Joe Biden just lost the entire African American community. What a “dumb” thing to say!
326,https://t.co/FCBc2JjrCs
327,"Just In: Chinese State Media and Leaders of CHINA want Biden to win “the U.S. Election”.  If this happened (which it won’t), China would own our Country, and our Record Setting Stock Markets would literally CRASH!"
328,"I am ready to send more money to States and Local governments to save jobs for Police, Fire Fighters, First Responders, and Teachers. DEMOCRATS ARE HOLDING THIS UP!"
329,https://t.co/ymvtIzQqoR
330,"There is TREMENDOUS Lawlessness in America’s Liberal Cities. Would be so easy to stop but they have a clouded vision of what should be done. They are indoctrinated with a philosophy which will never work, a philosophy which would destroy America. Portland would be the norm!"
331,Important White House News Conference at 5:30 (sharp) today. Very good news!
332,The world will be laughing and taking full advantage of the United States if Joe Biden ever became President. Our Country would COLLAPSE! https://t.co/lxcyxYL9YC
333,https://t.co/QekykcJKMw
334,BUT DIDN’T SHE CALL HIM A RACIST??? DIDN’T SHE SAY HE WAS INCOMPETENT???
335,Thank you! https://t.co/OS9T8cjDy0
336,"The thugs who accosted Senator @RandPaul and his wonderful wife, Kelly, together with those who made threats to many other people who had just attended the Republican National Convention at the White House, must be sought out and immediately arrested. Well documented evidence!"
337,".@FoxNews reported incorrectly what the Federal Government is doing with respect to Portland. We are demanding that the Governor &amp; Mayor do their job or we will do it for them. To complicated to discuss in a Tweet, but bad reporting by Fox (possibly on purpose!). @DHSgov"
338,Congrats to Pennsylvania for receiving $11.5M in federal infrastructure funds from @USDOT. Huge investments in Hazleton and Erie County to improve transit service and bring an economic boost to these areas!
339,https://t.co/FvCm2hKKyR
340,"Congressman Blaine Luetkemeyer (@LuetkemeyerB) is doing a terrific job for Missouri! As a Small Businessman, he helped us Lower your Taxes, Strengthen our Military, and Defend your Second Amendment. Blaine has my Complete and Total Endorsement! #MO03 https://t.co/NOuYXQAtQc"
341,SAVE THE POST OFFICE!
342,"Great National Champions, thank you Coach O! https://t.co/XD2t79CUyq"
343,Big improvements in rural bus service will be on their way to Michigan! I am awarding $27.8M in federal funding through @USDOT to improve bus service statewide. SO important for transit in this great state!
344,Great to spend time with Mike Singletary while going to Texas. He’s one of the greatest football players ever — A strong man and a really good person. Great being with you Mike! https://t.co/lWsYn4lhOm
345,https://t.co/YpQ81FSqXD
346,How does the Fake News not include Online Streaming Numbers where Republicans blow the Dem Numbers away?
347,Democrat “Leadership” has no clue. Request help now....Problem Over!!! https://t.co/Jifo9JwTD0
348,https://t.co/ZBKYw5WJlD
349,"Senator @CoryGardner is doing a terrific job - we just passed his landmark legislation, the Great American Outdoors Act. Strong on our Military, Vets and the Second Amendment, Cory has always had my Complete and Total Endorsement! https://t.co/umtvqqkMFq"
350,"Watch Mark Levin, on air now. Great! @FoxNews"
351,https://t.co/X6ra8feSo7
352,"Drug prices will soon be lowered massively. Big Pharma (Drug Companies) are advertising against me like crazy because lower prices mean less profit. When you watch a Fake Ad, just think lower drug prices!!!"
353,News Conference at 5:30 P.M. Enjoy!
354,.@MayorBowser should arrest these agitators and thugs!Clean up D.C. or the Federal Government will do it for you. Enough!!! @MayorBowser https://t.co/45RzrDqw1q
355,....that they are trying to pull off in violation of everything that our Country stands for. Vote NO to the Pelosi/ Schumer money wasting HOAX which is taking place now. Then fight the $51 million unasked for Ballots. Only ABSENTEE BALLOTS are acceptable!
356,"Madison is a star who loves the USA and his Great State, North Carolina. Will fight for Military, Vets, 2nd Amendment, Lower Taxes &amp; Regulations. He is a winner who has my Complete &amp; Total Endorsement! https://t.co/EXGrLh9dQt"
357,"A great new book, “Defender in Chief: Donald Trump's Fight for Presidential Power”, written by celebrated constitutional scholar, John Yoo, is now available. Thanks so much John – greatly appreciate your support and words of wisdom! https://t.co/QAdxcK33Su"
358,"After yesterday’s statement, Sleepy Joe Biden is no longer worthy of the Black Vote!"
359,https://t.co/udEwb72XBD
360,https://t.co/ItWBbZHmGE
361,"When is Slow Joe Biden going to criticize the Anarchists, Thugs &amp; Agitators in ANTIFA? When is he going to suggest bringing up the National Guard in BADLY RUN &amp; Crime Infested Democrat Cities &amp; States? Remember, he can’t lose the Crazy Bernie Super Liberal vote!"
362,@BrandonStraka Many Democrats are leaving the party over calls to Defund the Police. @foxandfriends @PeteHegseth  Great going Brandon. You really get it!!!
363,"..The people of Portland, like all other cities &amp;  parts of our great Country, want Law &amp; Order. The Radical Left Democrat Mayors, like the dummy running Portland, or the guy right now in his basement unwilling to lead or even speak out against crime, will never be able to do it!"
364,https://t.co/25Sajue1Im
365,"Incredible that @CNN &amp; MSDNC aren’t covering the Roll Call of States. Fake News! This is what the Republican Party is up against. Also, I’d like to hear the remarks of the Delegates from individual States, rather than @FoxNews anchors. Ridiculous!"
366,https://t.co/1AmAEaSnYO
367,"Congressman Billy Long (@auctnr1) fully supports our America First agenda! He strongly supports our WALL, protects our Vets, and defends Life and your Second Amendment. Billy has my Complete and Total Endorsement! #MO07 https://t.co/z8IkVaDCkl"
368,"Great total numbers for the Republican National Convention. Blows Democrat National Convention away. Also, much bigger fund raising numbers!"
369,Congratulations Jim. It was a great and beautiful event. Well deserved! https://t.co/I4iwvYx3DK
370,"Rigged Election, and EVERYONE knows it! https://t.co/mjuB6wz95B"
371,https://t.co/EnQz4Enzd6
372,People are not happy that players are not standing for our National Anthem!
373,https://t.co/lrg4czwoGs
374,https://t.co/6dN0Ib4Nto
375,My great honor!!! https://t.co/kh2a5yumef
376,"As the Wall goes up, illegal crossings go down. This past week we built over 10 miles of Wall at our Southern Border. We now have 256 miles of NEW Wall and we are on track to have 300 miles completed by the end of August! https://t.co/AWl0dYfY1w"
377,"The Democrats have to start enforcing Law and Order in their cities and states. New York City, Chicago and Portland are a total DISASTER!"
378,https://t.co/PTWleSlxNj
379,https://t.co/0Qex1aSLCf
380,https://t.co/kZBd1IWL8O
381,"I spoke to highly respected (Chairman) Senator @JimInhofe, who has informed me that he WILL NOT be changing the names of our great Military Bases and Forts, places from which we won two World Wars (and more!). Like me, Jim is not a believer in “Cancel Culture”."
382,https://t.co/M5mul4NS0p
383,https://t.co/2wNrQZC8hw
384,https://t.co/KimkBKBhX5
385,"If Obama did this, they would speak of nothing else. Biden could NEVER do it! https://t.co/1djK42xawI"
386,"Jake, this wasn’t a Trump Rally, but rather a very successful gathering of the great Sheriffs and Law Enforcement (of Florida) who gave me their unequivocal ENDORSEMENT. No Defund the Police here. Best Wishes! https://t.co/xloRKGnb97"
387,"...the phone with his amazing wife Gloria, daughter, Melanie, and son Vincent to express my deepest condolences to the entire family. @FLOTUS Melania and I loved Herman Cain, a great man. Herman, Rest In Peace! https://t.co/GNUf5jHjX0"
388,"Great job by Jim Jordan, and also some very good statements by Tony Fauci. Big progress being made! https://t.co/8Oeca9H3yq"
389,https://t.co/q84nZEwmvm
390,https://t.co/e7f1Fe9p2q
391,Thank you to the great Pat Lynch &amp; the @NYCPBA. I will never let you down! https://t.co/XUKy2bQ70a
392,White House Press Conference at 5:15 P.M. Live!
393,"Great work by the Governors of AZ, IA, LA, and NM (@DougDucey @IAGovernor @LouisianaGov &amp; @GovMLG) who responded to my Executive Action and promptly submitted applications, that we APPROVED QUICKLY, to support Americans out of work because of the ChinaVirus. More states to come!"
394,https://t.co/s8DJb1LxQW https://t.co/MYOBJcSuLn
395,"Watched @billmaher last week for the first time in a long time. He’s totally SHOT, looks terrible, exhausted, gaunt, and weak. If there was ever a good reason for no shutdown, check out this jerk. He never had much going for him, but whatever he did have is missing in action!"
396,Moving along nicely. MAGA! https://t.co/xNchR73xgp
397,"There is NO WAY a place like Pennsylvania can vote for the Radical Left and their puppet, Joe Biden, when they are against fracking, steel production, and just about everything else that Pennsylvania stands for. Likewise, Texas, and many other states!!!"
398,https://t.co/jXoffXyZed
399,Bill is GREAT! https://t.co/GUKijatlaZ
400,"My Administration is closely monitoring Hurricane Douglas off Hawaii &amp; Hurricane Hanna, which has now made landfall in Texas. We continue to coordinate closely with both states — listen to your emergency management officials @Hawaii_EMA &amp; @TDEM to protect your family &amp; property! https://t.co/tFxHLSqcBE"
401,I am ready to send $105B to the states to help open schools safely with additional PPE. DEMOCRATS ARE HOLDING THIS UP!
402,"Reno-Stead Airport has big bucks coming its way. I’m designating over $4.8 million from @USDOT to reconstruct the airport’s taxiway and ramp. This, along with 4 other airport grants to Nevada, will help in the economic recovery and GROWTH of the State!"
403,“I live in New York. Even the most Liberal friends that I have are thinking twice about voting Democrat this time because they’ve seen what’s happened to the City under @NYCMayor de Blasio and the State under @NYGovCuomo - They’re getting eaten up by taxes.” @DavidAsmanfox
404,"In California, Democrats have intentionally implemented rolling blackouts — forcing Americans in the dark. Democrats are unable to keep up with energy demand..."
405,https://t.co/121aeiel2T
406,"Wheeler is incompetent, much like Sleepy Joe Biden. This is not what our great Country wants. They want Safety &amp; Security, and do NOT want to Defund our Police! https://t.co/lZigDBjvKJ"
407,"....and ruined. The Federal Government must again seek the Death Penalty in a do-over of that chapter of the original trial. Our Country cannot let the appellate decision stand. Also, it is ridiculous that this process is taking so long!"
408,"Congressman Dan Newhouse (@Newhouse4Rep) is doing a phenomenal job for Washington State! He is Strong on the Economy and Law Enforcement, and he works hard to preserve your State’s beautiful Public Lands. Dan has my Complete and Total Endorsement! #WA04 https://t.co/4pggVq8rli"
409,What’s with @CNN POLLS increasing me by 10 points in a short period of time. Maybe they want to take over from @FoxNews!
410,https://t.co/ieUaNku5C7
411,LAW &amp; ORDER!
412,"Joe Biden is coming out of the basement earlier than his hoped for ten days because his people told him he has no choice, his poll numbers are PLUNGING! Going to Pittsburgh, where I have helped industry to a record last year, &amp; then back to his  basement for an extended period..."
413,"....And to Joy, his wonderful wife who he loved so much, my warmest condolences!!!"
414,https://t.co/BfJAU9H0la
415,"...The Bob Woodward book will be a FAKE, as always, just as many of the others have been. But, believe it or not, lately I’ve been getting lots of GREAT books!"
416,"I have done more for WOMEN than just about any President in HISTORY! As we celebrate the 100th Anniversary of women’s voting rights, we should build a BEAUTIFUL STATUE in Washington D.C. to honor the many brave women who made this possible for our GREAT COUNTRY..."
417,"RECORD HIGH NASDAQ! It would all come crashing down, including your Jobs, Stocks, and 401k’s, if Sleepy Joe ever became President. China and others would own us!!!"
418,"I STAND FOR LAW AND ORDER AND I TOOK ACTION! Operation LeGend has led to the arrest of over 1,000 criminals, including 90 killers, all while Sleepy Joe Biden and the Radical Left excuses violence and crime in their Democrat-run cities. I want safety &amp; security, Joe allows CRIME!"
419,"So Obama and his team of lowlifes spied on my campaign, and got caught - Open and shut case! More papers released today which are devastating to them. Will they ever pay the price? The political Crime of the Century!"
420,Great Ratings &amp; Reviews Last Night. Thank you!
421,https://t.co/1Vz3GxLawl
422,"Tone down the language, but TRUE! https://t.co/CcdNwlLsb3"
423,"One of the greats in the history of television, Regis Philbin has passed on to even greater airwaves, at 88. He was a fantastic person, and my friend. He kept telling me to run for President. Holds the record for “most live television”, and he did it well. Regis, we love you...."
424,Will be having a Press Conference at 5:45 P.M. See you in 15 minutes!
425,We have more Cases because we do more Testing. It’s Lamestream Media Gold!
426,"...We will be having a conference call on Sunday with President Macron, leaders of Lebanon, and leaders from various other parts of the world. Everyone wants to help!"
427,"Just had a wonderful conversation with my friend, Prime Minister @AbeShinzo of Japan, who will be leaving office soon. Shinzo will soon be recognized as the greatest Prime Minister in the history of Japan, whose relationship with the USA is the best it has ever been. Special man!"
428,"My friend, Congressman @TomEmmer, is doing a tremendous job for the people of Minnesota! He strongly supports our brave Law Enforcement &amp; National Guard, fights for our Vets and works hard to Cut your Taxes! Tom has my Complete and Total Endorsement! #MN06 https://t.co/fPIsaonBXO"
429,"....be able to produce what I have. So when you see those nasty ads from Big Pharma remember, the only reason they are going all out is the massive PRICE REDUCTIONS you are getting - not good for them. Plus, I was only President in 51 years that got a Prescription D reduction!"
430,https://t.co/pmOI9qf0lP
431,https://t.co/IP070XmAle
432,"We do more testing than any country in the World, by far, over 55 million tests. Fake News @CNN says we should do more testing. But even if we did 100 times more, they would then say it is still not enough. They are totally discredited, just want Sleepy Joe to win in November! https://t.co/eqtBtXrEzJ"
433,Fake News! https://t.co/OedkKwkcd0
434,"I saved the Iron Range from the Obama Closure. We opened it up again, proudly. Also sent the National Guard the Minneapolis to squelch a big problem. It worked, and quickly!!! https://t.co/v8mkiawBy5"
435,"Actually, I think I’m leading in the Polls!  @FoxNews @OANN"
436,https://t.co/XVQNptQZoQ
437,"New York Mail-In voting is in a disastrous state of condition. Votes from many weeks ago are missing - a total mess. They have no idea what is going on. Rigged Election. I told you so. Same thing would happen, but on massive scale, with USA. Fake News refuses to report!"
438,https://t.co/EH2avwKQNi
439,https://t.co/7i9aIfFIJp
440,The only way you will stop the violence in the high crime Democrat run cities is through strength!
441,U.S. planning to cut military presence in Iraq - https://t.co/d1MGNQ2QsA
442,https://t.co/tnxXjWJhwX
443,"Welcome, Barack and Crooked Hillary. See you on the field of battle! https://t.co/ZrTKXcc6aU"
444,Major News Conference in Ten Minutes!
445,"If the Federal Government and its brilliant Law Enforcement (Homeland) didn’t go into Portland one week ago, there would be no Portland -- It would be burned and beaten to the ground. If the Mayor and Governor..."
446,"So disgusting to watch Twitter’s so-called “Trending”, where sooo many trends are about me, and never a good one. They look for anything they can find, make it as bad as possible, and blow it up, trying to make it trend. Really ridiculous, illegal, and, of course, very unfair!"
447,https://t.co/Gpr5nJ4Zb1
448,Thank you. Will never let you down! https://t.co/9iB33QFliK
449,"....would destroy our American cities, and worse, if Sleepy Joe Biden, the puppet of the Left, ever won. Markets would crash and cities would burn. Our Country would suffer like never before. We will beat the Virus, soon, and go on to the Golden Age - better than ever before!"
450,"Nevada has ZERO infrastructure for Mail-In Voting. It will be a corrupt disaster if not ended by the Courts. It will take months, or years, to figure out. Florida has built a great infrastructure, over years, with two great Republican Governors. Florida, send in your Ballots!"
451,More Fake News! https://t.co/8P2Kax00s7
452,https://t.co/6WIUe9lT9D
453,"My Campaign, despite all of the Fake News, Fake Books, and pathetic reporting written about me and it, has more spirit and enthusiasm than ever before, including the great and wonderful Campaign of 2016!"
454,Wow. Win in 2020!!! https://t.co/q1XDB5BuTY
455,"We just got 50% in Rasmussen, and much higher in our internal polls. We are doing a new ad campaign on Sleepy Joe Biden that will be out on Monday. He has been brought even further LEFT than Crazy Bernie Sanders ever thought possible. By the way, Bernie’s people love me on Trade!"
456,"With the exception of New York &amp; a few other locations, we’ve done MUCH better than most other Countries in dealing with the China Virus. Many of these countries are now having a major second wave. The Fake News is working overtime to make the USA (&amp; me) look as bad as possible!"
457,https://t.co/klCj2Npt1O
458,All the Radical Left Democrats are trying to do with the Post Office hearings is blame the Republicans for the FRAUD that will occur because of the 51 Million Ballots that are being sent to people who have not even requested them. They are setting the table for a BIG MESS!
459,"Rushing him out of basement after seeing some very disturbing numbers. Don’t worry, he’ll go back to basement soon! https://t.co/CEMq5xowQt"
460,"Joe Biden has said he would lock down the Country again. That’s crazy! We’re having record job growth and a booming stock market, but Joe would end it all and close it all down. Ridiculous!"
461,"Congressman Jim Hagedorn (@JimHagedornMN) is an incredible advocate for Minnesota! He fights for our Farmers, Vets and Small Businesses, and he strongly defends your Second Amendment! Jim has my Complete and Total Endorsement! #MN01 https://t.co/MeuHHh8KFc"
462,White House News Conference today at 5:30 P.M. Enjoy!
463,https://t.co/IlYgFXtpPq
464,"...TODAY, I will be sending federal law enforcement and the National Guard to Kenosha, WI to restore LAW and ORDER!"
465,https://t.co/honAfTWW6x
466,Play Football Big Ten! https://t.co/tlMFxv2mvx
467,https://t.co/Ejim8FGAN2
468,"With Universal Mail-In Voting (not Absentee Voting, which is good), 2020 will be the most INACCURATE &amp; FRAUDULENT Election in history. It will be a great embarrassment to the USA. Delay the Election until people can properly, securely and safely vote???"
469,"No, I want Big Ten, and all other football, back - NOW. The Dems don’t want football back, for political reasons, but are trying to blame me and the Republicans. Another LIE, but this is what we are up against! They should also open up all of their Shutdown States."
470,https://t.co/yqcoemvgjJ
471,"Just landed in New York to see my brother, Robert. We’re going for New York on November 3rd. We’re going to Reduce Taxes, Increase Law Enforcement, and bring it back BIG TIME! #MAGA https://t.co/VIxo7yWyQs"
472,https://t.co/Bk68pgSU5D
473,https://t.co/tdqKej2tJ2
474,Play College Football!
475,"Obama, who wouldn’t even endorse Biden until everyone else was out of the primaries (and even then waited a long time!), is now making a commercial of support. Remember, I wouldn’t even be here if it weren’t for them. I wouldn’t be President. They did a terrible job!"
476,Thank you! #MAGA https://t.co/uuay66U5oI
477,"The Democrats are demanding Mail-In Ballots because the enthusiasm meter for Slow Joe Biden is the lowest in recorded history, and they are concerned that very few people will turn out to vote. Instead, they will search &amp; find people, then “harvest” &amp; return Ballots. Not fair!"
478,I am deeply saddened by the tragic loss of eight Marines and one Sailor during a training exercise off the coast of California. Our prayers are with their families. I thank them for the brave service their loved ones gave to our Nation. #SemperFidelis
479,Another Democrat run city. They are a real mess! https://t.co/i8Iu4h0TXp
480,https://t.co/Ix0L4hF3LP
481,https://t.co/4MFYlNoI7y
482,".@LouDobbs wrote a great new book, “The Trump Century, How Our President Changed the Course of History Forever”. Strongly recommended...A special guy! https://t.co/ytLH14Thkr"
483,https://t.co/rGwz4N6PwW
484,"The Radical Left Mayors &amp;  Governors of Cities where this crazy violence is taking place have lost control of their “Movement”. It wasn’t supposed to be like this, but the Anarchists &amp; Agitators got carried away and don’t listen anymore - even forced Slow Joe out of basement!"
485,"The “suburban housewife” will be voting for me. They want safety &amp; are thrilled that I ended the long running program where low income housing would invade their neighborhood. Biden would reinstall it, in a bigger form, with Corey Booker in charge! @foxandfriends @MariaBartiromo"
486,DRAIN THE SWAMP! https://t.co/68M4sN7LLD
487,"My visits last week to Texas and Florida had massive numbers of cheering people gathered along the roads and highways, thousands and thousands, even bigger (by far) than the crowds of 2016. Saw no Biden supporters, and yet some in the Fake News said it was an equal number. Sad!"
488,https://t.co/16JTBhdrl9
489,Watch Mark Levin NOW on @FoxNews. Topic: Mail-In Voting!
490,"We will bring safety to our cities. We will bring hope to our most distressed communities — and in everything we do, we will stand in solidarity with the men and women of LAW ENFORCEMENT! Thank you to the @NYCPBA for your endorsement. God Bless the #NYPD, and God Bless America! https://t.co/u86rfizIom"
491,https://t.co/UHb2XdjYV7
492,https://t.co/GF0hyIwzLE
493,https://t.co/9ZPRTEBbHP https://t.co/Lw2KndUOJy
494,"Democrats and Biden didn’t even mention the Anarchists, Agitators, Looters and so called “Peaceful Protesters” at their Convention. They will allow rampant crime, just as they do in Portland. If they ask us, as they must do, we will end crime in their Democrat run cities, FAST!"
495,https://t.co/aPQiHgn5hq
496,"The Ten Most Dangerous Cities in the U.S. are ALL run by Democrats, and this has gone on for DECADES!"
497,"My Administration has been focused on finding treatments for Coronavirus. If you’ve recovered from Coronavirus, donate your plasma today to help SAVE LIVES! Together, we will beat the Virus!

🌐https://t.co/YLpBCgf837 https://t.co/IyO4livTLm"
498,https://t.co/u4IAerMUiS
499,.@FoxNews is not watchable during weekend afternoons. It is worse than Fake News @CNN. I strongly suggest turning your dial to @OANN. They do a really “Fair &amp; Balanced” job!
500,96% Approval Rating in the Republican Party. 51% Approval Rating overall in the Rasmussen Poll. Thank you!
501,Terrible! https://t.co/pzCR7ctciz
502,Thank you. We will not let them down! https://t.co/IOAVJpJji5
503,https://t.co/h28jt0LPSc
504,Thank you Debbie! https://t.co/Mjvp1zQATH
505,Happy to send $18 MILLION in @USDOT funding to Utah to support their transit infrastructure and improve bus service. Huge and badly needed investment in the Cache Valley Region!
506,"Sad to see the damage from the derecho in Midwest. 112 mile per hour winds in Midway, Iowa! The Federal government is in close coordination with State officials. We are with you all the way - Stay safe and strong!"
507,"Great WIN Anna! Watched your race from beginning, very impressed. Your next opponent, Charlie Crist, is a Pelosi puppet who is bad on Crime, our Military, Vets, &amp; 2nd Amendment. You have my Complete &amp; Total Endorsement! https://t.co/PLdW3VXNTI"
508,https://t.co/JSAiBo51Bp
509,A proposal by Pentagon officials to slash Military Healthcare by $2.2 billion dollars has been firmly and totally rejected by me. We will do nothing to hurt our great Military professionals &amp; heroes as long as I am your President. Thank you!
510,THANK YOU DONNA! #MAGA https://t.co/egyshW7bOk
511,"“Biden to raise taxes by 3 Trillion Dollars.” Actually, it will be much more than that, and much of it on nonsense. Markets and your 401k’s will CRASH. Jobs will disappear!"
512,"Now AP estimates that the real Cuomo number of people killed because of his total incompetence is 11,000, not the 6000 that was originally thought!"
513,Will be interviewed by @seanhannity tonight at 9:00 P.M. Enjoy!  @FoxNews
514,https://t.co/2oXtoXyLOe
515,https://t.co/3WWzxAozXa
516,"...Your housing prices will go up based on the market, and crime will go down. I have rescinded the Obama-Biden AFFH Rule. Enjoy!"
517,https://t.co/d2M8V3Z5n6
518,"We beat Obama 4 years ago, he worked harder than Crooked Hillary, and we’ll do it again! https://t.co/oaqnlkr7bW"
519,The Democrats see chaos as their way while President Trump sees the Rule of Law. Mayor @kenblackwell Thank you Ken!
520,"Everything a Governor asked the Federal Government for with respect to the Pandemic, they got. They all said, on tape, the Federal government did a great job. Governor Cuomo used the word “phenomenal.” The Task Force worked well with the States. Feds bailed out many States!"
521,"I will be doing a news conference on the ChinaVirus, the just announced very good economic numbers, and the improving economy, at 7pm from Bedminster, New Jersey. Also, the subject of the Beirut, Lebanon catastrophe will be discussed."
522,AMERICA FIRST! #MAGA https://t.co/Zt3I9RvMjX
523,"“Nadler calls ANTIFA violence a MYTH.” @foxandfriends  They are Anarchists with miles of “tape” showing their illegal activity. Jerry, blame it on Russia, Russia, Russia!"
524,"Was in the Great State of Texas this week and explained that the Radical Left Do Nothing Democrats, headed up by their great leader, Sleepy Joe Biden (who never leaves his basement), are strongly against “Oil, Gas, Guns, &amp; God”. Must be tough to win Texas on that platform!"
525,"Peggy Noonan, a “Concast” MSDNC @WSJ puppet, doesn’t have a clue, and hasn’t for many years. Never got the “Trump thing”. She plays right into the hands of the stupid people!"
526,"Glad I was able to get the very dishonest LameStream Media to finally start talking about the RISKS to our Democracy from dangerous Universal Mail-In-Voting (not Absentee Voting, which I totally support!)."
527,I’m awarding $14.7M in @USDOT funding to New Jersey to support bus infrastructure in @passaic_county. Helping make sure people can move quickly and safely!
528,https://t.co/B9FHRkXFHD
529,Steve has my Complete and Total support. HE IS GREAT! https://t.co/Mbnp96Lu0x
530,"Chris Wallace “forgot” to ask a very weak and pathetic Schumer puppet, Senator Chrisie Coons, why Biden fought me when I put an extremely early BAN on people coming into our Country from heavily infected China. Biden later admitted I was right! But why no question?"
531,Sleepy Joe Biden is just a Trojan Horse for the Radical Left Agenda. He will do whatever they want!
532,"For those that thought I wasn’t into the Environment, this is the biggest bill ever passed, by far. I wonder if this will silence the Fake News? Probably not! https://t.co/hJnesKXTcL"
533,MAKE AMERICA GREAT AGAIN!
534,https://t.co/AWC0HLAgJD
535,"Sally Yates is either lying or grossly incompetent. It is not possible she could have known so little about Dirty Cop James Comey (and others) from her high position in the Department of “Justice”. The political Crime of the Century, and she had no idea what they were doing?"
536,https://t.co/BUfd3JWxy4
537,https://t.co/J5WIi0XsGw
538,https://t.co/BJETsgYJpO
539,https://t.co/4xmC4xKWjm
540,"Big China Virus breakouts all over the World, including nations which were thought to have done a great job. The Fake News doesn’t report this. USA will be stronger than ever before, and soon! https://t.co/pZwjvgmVTO"
541,https://t.co/EBWKVm2xWV
542,Fake News will never change! https://t.co/AMX2jzMoXJ
543,"Homeland Security or Federal Forces are little involved in Seattle, other than we have a large standby team in case of emergency. The media is calling that one wrong also. In Portland, we are protecting Federal property, including the Courthouse, which wouldn’t last a day!"
544,For our Country to be sending 80 million UNSOLICITED BALLOTS is very unfair and a roadmap to disaster. Even recent small and easier to control elections which did this are a catastrophic disaster. Fraudulent &amp; missing Ballots like never seen before. 20% and 30% off. STOP!
545,"Cuomo, just like his brother Fredo, has not got a very good memory! https://t.co/H8J0RjNlvb"
546,https://t.co/0wz3UZgIuj
547,"“Next we’ll turn to people of the Biden inner circle”, said by Chris Wallace of @FoxNews after unsuccessfully GRILLING Mark Meadows. Then all softball questions to a group of Biden lightweights, including Senator Chris Coons of Delaware."
548,"The Suburban Housewives of America must read this article. Biden will destroy your neighborhood and your American Dream. I will preserve it, and make it even better! https://t.co/1NzbR57Oe6"
549,"Recently watched failed RINO Tom Ridge, former head of Homeland Security, trying to justify his sudden love of the Radical Left Mayor of Portland, who last night was booed &amp; shouted out of existence by the agitators &amp; anarchists. Love watching pathetic Never Trumpers squirm!"
550,https://t.co/mBO9EtPCoB
551,"Kimberly will work with the Trump Administration and we will bring Baltimore back, and fast. Don’t blow it Baltimore, the Democrats have destroyed your city! https://t.co/PDdjgxbIHu"
552,"Another bad night of Rioting in Portland, Oregon. A small number of Federal troops there to protect courthouse and other Federal property only (great job!). Wanting to be asked by City &amp; State to STOP THE RIOTS. Would bring in National Guard, end problem immediately. ASK!"
553,Homeland Security is not leaving Portland until local police complete cleanup of Anarchists and Agitators!
554,Great Jobs Numbers!
555,"Today we celebrated the passage of landmark legislation that will preserve America’s majestic natural wonders, priceless historic treasures, grand national monuments, and glorious national parks. It was my great honor to sign the Great American Outdoors Act into law! #HR1957 https://t.co/KxDgpidQH2"
556,Thank you! https://t.co/4ciDcO151e
557,"Big wins in Tennessee and Kansas! Congratulations to @BillHagertyTN and @RogerMarshallMD. They love our Country and they love their Great States. Strong on Crime, Military, our Vets and the Second Amendment. They have my Complete and Total Endorsement!"
558,"Sarah is correct. McCain was a lousy candidate with lots of bad policy, but the “deadheads” sabotaged his campaign from the inside, and never gave him a chance to win. Hope they were happy with OBiden, who gave you me! https://t.co/rynLuGRKHA"
559,https://t.co/8XG18cSqTr https://t.co/KHWhXoJG7L
560,Thank you James! https://t.co/cKiKlAXHqI
561,".@DonYoungAK really produces for Alaska. He is an incredible Congressman who loves his State and works tirelessly for it. Strong on Public Lands, Energy, and our Second Amendment. He will never let you down, and has my Complete and Total Endorsement! https://t.co/cUR3zuUfs6"
562,https://t.co/YmSbMnL9zE
563,https://t.co/Jp8KzeM9bK
564,"The 2020 Election will be totally rigged if Mail-In Voting is allowed to take place, &amp; everyone knows it. So much time is taken talking about foreign influence, but the same people won’t even discuss Mail-In election corruption. Look at Patterson, N.J. 20% of vote was corrupted!"
565,"...Meanwhile, I gave America energy independence in fact, so much energy we could never use it all. The Bernie/Biden/AOC Green New Deal plan would take California’s failed policies to every American!"
566,"A horrible Governor. Crime is taking over NYC &amp; State, everyone is leaving. He is after the NRA - They should move to Texas or elsewhere, and must get tough. Cuomo killed 11,000 people in nursing homes alone. Crooked &amp; Incompetent! https://t.co/d4hZDAvdWo"
567,Will be interviewed on @foxandfriends this morning at 8:00 A.M. Enjoy!
568,https://t.co/hgq8ZYziNY
569,"...to virtual pennies. Epi-pens went from their incredibly high, jacked up prices, to lower than their original give away bargains. Biggest price reductions in history, by far! Nothing like this has ever for our citizens, especially our Seniors. REMEMBER YOUR FAVORITE PRESIDENT!"
570,"Disgraceful Anarchists. We are watching them closely, but stupidly protected by the Radical Left Dems! https://t.co/IvuIh6cRz5"
571,https://t.co/HFrTGhjhAi
572,THANK YOU! #MAGA https://t.co/kgLSsAgZmR
573,"In 47 years, Joe did none of the things of which he now speaks. He will never change, just words!"
574,"The Trump Campaign has more ENTHUSIASM, according to many, than any campaign in the history of our great Country - Even more than 2016. Biden has NONE! The Silent Majority will speak on NOVEMBER THIRD!!! Fake Suppression Polls &amp; Fake News will not save the Radical Left."
575,Thank you to @CardinalDolan for this evenings opening prayer. https://t.co/3d5oGqd4Pu
576,".....Our massive testing capability, rather than being praised, is used by the Lamestream Media and their partner, the Do Nothing Radical Left Democrats, as a point of scorn. This testing, and what we have so quickly done, is used as a Fake News weapon. Sad!"
577,https://t.co/GjE7vZd3SA https://t.co/1Bcbpr1D9d
578,https://t.co/6vik44FFY0
579,"I called the politicization of the China Virus by the Radical Left Democrats a Hoax, not the China Virus itself. Everybody knows this except for the Fake and very Corrupt Media!"
580,WELCOME BACK BASEBALL! https://t.co/dhLSfNkI7L
581,"Crazy Nancy Pelosi said I made a mistake when I banned people from infected China from entering the U.S. in January. Tens of thousands of lives were saved, as she danced in the Streets of Chinatown (SF) in late February. Biden agreed with her, but soon admitted that I was right!"
582,Great news for Florida! $3.3 million will be sent to @flyKissimmee from @USDOT for airport improvements and safety enhancements. This is so important for Central Florida and will bring a much-needed boost to the State’s economy!
583,"Today, it was my great honor to proudly accept the endorsement of the @NYCPBA! I have deeply and profoundly admired the brave men and women of the #NYPD for my entire life. New York’s Finest are truly the best of the best — I will NEVER let you down! #MAGA https://t.co/o1l5kAx34v"
584,"It’s never a real Twitter Trending. It’s Twitter Executive’s Choice. Only negative on Republican voices, especially mine!"
585,https://t.co/FPSif7Ieff
586,https://t.co/4P23AvKkI3
587,https://t.co/CNH7hY8xWX
588,"The ObamaBiden Administration was the most corrupt in history, including the fact that they got caught SPYING ON MY CAMPAIGN, the biggest political scandal in the history of our Country. It’s called Treason, and more. Thanks for your very kind words Michelle!"
589,https://t.co/6bv45IRCye
590,"Leading in Michigan, leading in Minnesota, leading all over. Sorry! https://t.co/VPgviJjKfk"
591,Nice! https://t.co/4yvPax9J3B
592,Michael knows!!! https://t.co/QNuj5Y1PZc
593,https://t.co/IOpfnL4u7r
594,"Looking back into history, the response by the ObamaBiden team to the H1N1 Swine Flu was considered a weak and pathetic one. Check out the polling, it’s really bad. The big difference is that they got a free pass from the Corrupt Fake News Media!"
595,"PROMISES MADE, PROMISES KEPT! 
https://t.co/Z7SP1ymBfT"
596,https://t.co/fzOF42hQIp
597,https://t.co/x6vlVTtc9N
598,https://t.co/Pk88jLvXET
599,Voter Scam! https://t.co/BY6SEJfUZh
600,https://t.co/pxLUeoDnhF
601,"Whether you call it Vote by Mail or Absentee Voting, in Florida the election system is Safe and Secure, Tried and True. Florida’s Voting system has been cleaned up (we defeated Democrats attempts at change), so in Florida I encourage all to request a Ballot &amp; Vote by Mail! #MAGA"
602,"Somebody please tell Congressman Clyburn, who doesn’t have a clue, that the chart he put up indicating more CASES for the U.S. than Europe, is because we do MUCH MORE testing than any other country in the World. If we had no testing, or bad testing, we would show very few CASES.."
603,Tell the Dems that we have more Cases because we do FAR more Testing than any other Country!
604,"Everybody does phony books on Donald Trump and Republicans, just like the Fake Dossier, which turned out to be a total fraud perpetrated by Crooked Hillary Clinton and the DNC..."
605,"If Congress doesn’t bring fairness to Big Tech, which they should have done years ago, I will do it myself with Executive Orders. In Washington, it has been ALL TALK and NO ACTION for years, and the people of our Country are sick and tired of it!"
606,"The biggest difference between the Presidential Race in 2020 and that of 2016 is the 2016 candidate, Crooked Hillary Clinton, was much smarter and sharper than Slow  Joe, we have even more ENTHUSIASM now, and @FoxNews has become politically correct and no longer the big deal!"
607,"A very big CONGRATULATIONS to the great @seanhannity on having the Number One Book on the Planet, “Live Free Or Die”. The book is fantastic, and so true. Keep Sean Number One!"
608,GREAT PATRIOTS! https://t.co/BWGxVoBTmI
609,Thank you to Senator Bill Cassidy of Louisiana for his very smart words on the just signed Executive Orders!
610,https://t.co/HkdgNru1hb
611,So terrible! https://t.co/dROsgW9bbl
612,https://t.co/aD40GzIFmM
613,https://t.co/K79FEahRO8
614,ANTIFA is a Radical Left group that only wants bad things for our Country. They are supported by $FOOLS! https://t.co/Be8avd2wPL
615,https://t.co/t6R84x4PbP
616,"Yesterday I signed four measures that will massively reduce the prices of prescription drugs, in many cases by more than 50%. Nothing like this has ever been done before because Big Pharma, with its vast power, would not let it happen. Expensive Insulin went from big dollars....."
617,The student-athletes have been working too hard for their season to be cancelled. #WeWantToPlay https://t.co/lI3CCKZ4ID
618,https://t.co/foghIJGA3e
619,Why would @FoxNews put on phony Congresswoman @RepDebDingell. A total waste of airtime!
620,"HE SPIED ON MY CAMPAIGN, AND GOT CAUGHT!"
621,96% Approval Rating in the Republican Party. Thank you!
622,Thank you Lisa. Well stated!!! https://t.co/k0urkflQdx
623,Great News! https://t.co/eMTwXslvQX
624,"The drug companies are spending millions of dollars in advertising against me, only because I am lowering drug prices massively, 50% and more! Biden and Obama said they would do this for eight years, but never did..."
625,The great Jim Ryun will be honored this morning at the White House with the presentation of The Presidential Medal of Freedom. Congratulations to Jim and the entire Ryun family. 11:00 A.M. @foxandfriends @FoxNews @OANN
626,https://t.co/Wj2pcpCKvF
627,"I’ve been getting really good polls, some over 50%, except for one Fake Poll done by @ABC NEWS, which gives NO INFORMATION about the sample, R or D, or anything else. They did this last Election, with one week to go, down 12 points, and I won. They are disgusting Fake News!"
628,"Congratulations on your big primary win, Governor @MikeParson! You have my Complete and Total Endorsement! #MOGOV https://t.co/2Ve5jix3hS"
629,"The Democrats took the word GOD out of the Pledge of Allegiance at the Democrat National Convention. At first I thought they made a mistake, but it wasn’t. It was done on purpose. Remember Evangelical Christians, and ALL, this is where they are coming from-it’s done. Vote Nov 3!"
630,".@CynthiaMLummis is a friend of mine and a great woman. She is running for Senate in the very Special State of Wyoming. Cynthia is Strongly for our Military, our Vets, and protection of the Second Amendment..."
631,"We did great things, but it doesn’t matter to the Dems! https://t.co/itApu2V1JU"
632,"HUGE breakthrough today! Historic Peace Agreement between our two GREAT friends, Israel and the United Arab Emirates!"
633,https://t.co/DuBjypMQJ2
634,https://t.co/4V7nu5ySxv
635,"I promised YOU I would not take a dime of salary as your President. I donate the entire $400,000! It is my honor to give $100,000 to @NatlParkService to help repair and restore our GREAT National Monuments. So important to our American History! Thank You!! https://t.co/4ETkUZ9yUf"
636,Great meeting today with the CoronaVirus Task Force in the Oval Office. Stay informed at: https://t.co/p9j7kZsD7b. https://t.co/nnnUHCzOLV
637,"We have narrowed the Presidential Nomination Acceptance Speech, to be delivered on the final night of the Convention (Thursday), to two locations - The Great Battlefield of Gettysburg, Pennsylvania, and the White House, Washington, D.C. We will announce the decision soon!"
638,"John Kasich did a bad job in Ohio, ran for President and was easy to beat, and now went to the other side desperate for relevance. Good Job by Chris C in exposing yet another loser! https://t.co/WZw2U7lcrf"
639,"This is the biggest political crime and scandal in American history. Hopefully, for the good of our Country, it is coming soon! https://t.co/sgblnB0EgL"
640,"The Democrats are holding back the $1,200 to $3,400 (family of four) checks that were ready to be sent out!"
641,$13.9M is heading to New Orleans in @USDOT funding for @NewOrleansRTA! Happy to support bus service and major fleet improvements for the great people of Louisiana and help them keep moving safely.
642,"We are going to WIN the 2020 Election, BIG! #MAGA"
643,https://t.co/wxCTuk4GdP
644,"Happy Sunday! We want GOD! 
https://t.co/RsBkSEmJEi"
645,Very disappointed in @SenSchumer for blocking the temporary extension of the $600 unemployment benefits. The Do Nothing Democrats are more interested in playing politics than in helping our deserving people. DRAIN THE SWAMP ON NOVEMBER 3RD!
646,Great division between the Bernie Sanders crowd and the other Radical Lefties. Our Country would be destroyed!
647,Trump Lands Major Endorsements From Democrat Mayors in Minnesota  https://t.co/ZmZgqwlimn Thank you so much. I will never let you down!
648,"The “protesters” are actually anarchists who hate our Country. The line of innocent “mothers” were a scam that Lamestream refuses to acknowledge, just like they don’t report the violence of these demonstrations! https://t.co/A0IBAzqVoT"
649,"...She will be a great Senator, and has my Complete and Total Endorsement! https://t.co/7yHPhxqQVS"
650,"This week you had Joe Biden call Arizona a CITY. Nothing matters with him, however, because the Opposition Party (Lamestream Media) covers everything up - especially the corruption. The Obama/Biden Administration is the most corrupt in history. They even spied on my campaign!"
651,“Cities across the Nation that are run by Democrats are in shambles.” Matt Walsh  @TuckerCarlson
652,https://t.co/GCdlGJpOxc
653,"The Fake News doesn’t want to report these numbers. The @latimes and others believed the Crooked Dems before the real numbers came out. Too bad we don’t have honest reporting when it comes to “Trump”. Phony sources, they say anything and think they get away with it. November 3rd. https://t.co/gyHx898DXn"
654,CONGRATS to General Dynamic’s Bath Iron Works &amp; Local S6 on reaching a tentative agreement after the long strike. GD builds GREAT Arleigh-Burke destroyers. Super boost for Maine Economy. Glad to have helped. I’ve done a lot for Maine! https://t.co/6bXwvtje5P
655,https://t.co/JDS4zUXXJG
656,OPEN THE SCHOOLS!!!
657,...Congress should send me H.R.473 ASAP and make this happen! It will INSPIRE all women to continue being bold and brave in achieving their DREAMS!
658,"Just approved (and fast) the FULL Emergency Declaration for the Great State of Iowa. They got hit hard by record setting winds. Thank you to @SenJoniErnst, @ChuckGrassley, and Governor Kim Reynolds."
659,https://t.co/IlraHnAZqI
660,"It was showing signs of future problems, but was so good when I left 4 years ago! https://t.co/uF9T3ztMDd"
661,WE will WIN Ohio even bigger than we did in 2016 — MAGA is stronger than ever before! https://t.co/2JB9rCzRue
662,Big win Matt! https://t.co/gpIg4dQ6FN
663,"Had a lengthy discussion this morning with President Macron of France concerning numerous subjects, but in particular the catastrophic event which took place in Beirut, Lebanon..."
664,"Upon departing the Oval Office for Ohio, I’ve notified my staff to continue working on an Executive Order with respect to Payroll Tax Cut, Eviction Protections, Unemployment Extensions, and Student Loan Repayment Options."
